Q,P,EigValReal,EigValImag,N,alpha,k,E0,lmd,period
0,0,-0.999362441058323,0.0357031007328339,8,0.35,1,1,9.1015414497306e-015,17.2866999999731
2.82845455637163,0,-0.999362441058323,-0.0357031007328339
1.03712518886591,0,-0.6915452164199,0.722333173574869
0.427826975042492,0,-0.6915452164199,-0.722333173574869
0.173245071134616,0,0.999998710320582,0.00160603772864822
0.06710708231198,0,0.999998710320582,-0.00160603772864822
0.0249803536361016,0,0.759260339869583,0.650787013008959
0.0164762720611709,0,0.759260339869583,-0.650787013008959
0.00288595802132297,0,0.721157901362151,0.692770727804601
-3.53293136878283e-017,0,0.721157901362151,-0.692770727804601
,,0.45788863150639,0.88900956189301
,,0.45788863150639,-0.88900956189301
,,-0.0985031092079174,0.995136743104373
,,-0.0985031092079174,-0.995136743104373
,,-0.195464627344516,0.980710752187955
,,-0.195464627344516,-0.980710752187955
