Q,P,EigValReal,EigValImag,N,alpha,k,E0,lmd,period
0,0,-0.945590279191301,0.325359837562845,8,0.43,1,1,3.53707914546071e-014,17.0568999999736
2.6742687344007,0,-0.945590279191301,-0.325359837562845
1.02684587150659,0,-0.648453442438529,0.761254315580284
0.45054695314973,0,-0.648453442438529,-0.761254315580284
0.194829719258791,0,-0.350542319275595,0.936546892791221
0.0788925103306344,0,-0.350542319275595,-0.936546892791221
0.026227437667457,0,-0.174690778502138,0.984623345196698
0.0495103336517101,0,-0.174690778502138,-0.984623345196698
0.00704116936426664,0,0.6672797007463,0.744807224033137
-4.15307493249804e-017,0,0.6672797007463,-0.744807224033137
,,0.999993442749622,0.00362138892751223
,,0.999993442749622,-0.00362138892751223
,,0.976460496471452,0.215696311583509
,,0.976460496471452,-0.215696311583509
,,0.797626880819815,0.603151190825043
,,0.797626880819815,-0.603151190825043
