Q,P,EigValReal,EigValImag,N,alpha,k,E0,lmd,period
0,0,0.999998945292614,0.00145238206514809,8,0.21,1,1,1.79603977635172e-013,17.6901999999721
3.20912872210954,0,0.999998945292614,-0.00145238206514809
1.00069011666746,0,0.895572734526913,0.444915134797624
0.333905096240996,0,0.895572734526913,-0.444915134797624
0.107396474578039,0,0.349455351416466,0.936953017694268
0.03293828618647,0,0.349455351416466,-0.936953017694268
0.00983833417493396,0,0.620867017748822,0.783915905101877
0.00376864206904626,0,0.620867017748822,-0.783915905101877
0.000502062538017833,0,-0.133130623713154,0.991098500165221
-4.09041990728471e-017,0,-0.133130623713154,-0.991098500165221
,,-0.284184070033788,0.958769739999675
,,-0.284184070033788,-0.958769739999675
,,-0.788246501513744,0.615359612626099
,,-0.788246501513744,-0.615359612626099
,,-0.984775711733713,0.173829794855085
,,-0.984775711733713,-0.173829794855085
