Q,P,EigValReal,EigValImag,N,alpha,k,E0,lmd,period
0,0,-0.994817282304085,0.101678782590626,8,0.38,1,1,1.23970066527628e-014,17.1994999999733
2.7672721667268,0,-0.994817282304085,-0.101678782590626
1.03462424112398,0,-0.517348156027054,0.855775020350212
0.438289155375664,0,-0.517348156027054,-0.855775020350212
0.182773784154055,0,-0.195742226729533,0.98065538323866
0.0727947791356419,0,-0.195742226729533,-0.98065538323866
0.0273961085900304,0,-0.378759363576776,0.925495188805925
0.0222119467582816,0,-0.378759363576776,-0.925495188805925
0.00380672621679984,0,0.999976498991056,0.00685576148784474
-3.54882420155827e-017,0,0.999976498991056,-0.00685576148784474
,,0.726822840834807,0.686824983559004
,,0.726822840834807,-0.686824983559004
,,0.847110516952327,0.531416759303614
,,0.847110516952327,-0.531416759303614
,,0.600390494742468,0.799706979976349
,,0.600390494742468,-0.799706979976349
