Q,P,EigValReal,EigValImag,N,alpha,k,E0,lmd,period
0,0,0.999994892076504,0.00319621978135735,8,0.27,1,1,1.85113571015016e-014,17.5195999999725
3.02275193192448,0,0.999994892076504,-0.00319621978135735
1.03065085213616,0,0.843926605503176,0.53645865127136
0.385709680791795,0,0.843926605503176,-0.53645865127136
0.140319636635716,0,-0.921284128538491,0.388890157374891
0.0487749110913052,0,-0.921284128538491,-0.388890157374891
0.0164983757411333,0,-0.972968056127261,0.230939736199611
0.00778333011673599,0,-0.972968056127261,-0.230939736199611
0.00124676292699519,0,0.0316581920172423,0.99949875381524
-3.75561483648651e-017,0,0.0316581920172423,-0.99949875381524
,,0.163369228593,0.986564997934206
,,0.163369228593,-0.986564997934206
,,0.253979302815579,0.967209653457471
,,0.253979302815579,-0.967209653457471
,,0.302889651029116,0.95302563412506
,,0.302889651029116,-0.95302563412506
