Q,P,EigValReal,EigValImag,N,alpha,k,E0,lmd,period
0,0,-0.991902959758452,0.126998104011114,8,0.33,1,1,1.60790370858075e-014,17.3450999999729
2.87239077675696,0,-0.991902959758452,-0.126998104011114
1.03764194911398,0,-0.789090182404679,0.614277367345203
0.419450059227188,0,-0.789090182404679,-0.614277367345203
0.166078444727878,0,0.999982396715846,0.00593348619519074
0.0629100253232749,0,0.999982396715846,-0.00593348619519074
0.0230318563954304,0,0.782624944957828,0.622493530512374
0.0137244985727782,0,0.782624944957828,-0.622493530512374
0.00239177751238131,0,0.617266951724827,0.786753779977154
-3.56172669642439e-017,0,0.617266951724827,-0.786753779977154
,,0.35559534924544,0.934640009626721
,,0.35559534924544,-0.934640009626721
,,-0.0328117989263766,0.999461547960306
,,-0.0328117989263766,-0.999461547960306
,,-0.0691563780112276,0.997605831669178
,,-0.0691563780112276,-0.997605831669178
