Q,P,EigValReal,EigValImag,N,alpha,k,E0,lmd,period
0,0,-0.348070981125265,0.937468181912581,8,0.05,1,1,4.16059449508269e-015,18.0562999999713
3.93926094465574,0,-0.348070981125265,-0.937468181912581
0.482972442652348,0,-0.815017464317356,0.579436392417416
0.0571533140385274,0,-0.815017464317356,-0.579436392417416
0.00641161051198243,0,-0.806961044265213,0.590604667301566
0.000683869453980704,0,-0.806961044265213,-0.590604667301566
7.08574087492261e-005,0,-0.539302476273454,0.842112129757856
8.42491362287711e-006,0,-0.539302476273454,-0.842112129757856
2.34224738400637e-007,0,0.698123501918903,0.715977357231698
-6.7003355847349e-017,0,0.698123501918903,-0.715977357231698
,,0.976394303718851,0.215995749183593
,,0.976394303718851,-0.215995749183593
,,0.999999525068134,0.000974609415945605
,,0.999999525068134,-0.000974609415945605
,,0.988762912227688,0.149492151643601
,,0.988762912227688,-0.149492151643601
