Q,P,EigValReal,EigValImag,N,alpha,k,E0,lmd,period
0,0,-0.390125194805968,0.920761821741967,8,0.07,1,1,5.95169252543533e-015,18.0255999999713
3.84093725415243,0,-0.390125194805968,-0.920761821741967
0.622727266200629,0,-0.782515232467498,0.622631440706572
0.0987733696372346,0,-0.782515232467498,-0.622631440706572
0.0148632309677287,0,-0.766377688718917,0.642390253844071
0.00212673357717268,0,-0.766377688718917,-0.642390253844071
0.000295653936724854,0,-0.593611736250641,0.804751580666668
4.75826439191722e-005,0,-0.593611736250641,-0.804751580666668
1.93744222474272e-006,0,0.672732612598724,0.739885688431726
-6.09001612805173e-017,0,0.672732612598724,-0.739885688431726
,,0.999999509670034,0.000990282625557033
,,0.999999509670034,-0.000990282625557033
,,0.971318099922949,0.237783827797617
,,0.971318099922949,-0.237783827797617
,,0.977783883015753,0.209615548360885
,,0.977783883015753,-0.209615548360885
